﻿Designator,Footprint,Quantity,Value,LCSC Part #
"BC1, BC3",cap0603,2,0u1,C3011705
BC2,CP_Elec_8x6.5,1,100u,C249586
BC4,cap0603,1,1u,C59782
BD1,SMA (DO-214AC),1,SS510,C908682
BIC1,TO170P1435X465-6N,1,LM2587S-ADJ,C1355343
"BJ1, BSJ1",AMASS_XT30PW-F_1x02_P2.50mm_Horizontal,2,XT30,C108769
BL1,1040 One Piece Inductor,1,68uH,C2875750
BR1,res0603,1,57K,C23082
BR2,res0603,1,2k94,C137748
BR3,res0603,1,1K5,C22843
BSC1,res0603,1,0.1u,
BSC2,cap0603,1,1n5,C107060
BSD1,D_DO-201AD_P15.24mm_Horizontal,1,1N5401,C179506
BSQ1,8-DFN (5x6),1,ISC011N06LM5ATMA1,
BSR1,res0603,1,20R,C22950
"BSR2, BSR3",res0603,2,100,
BSU1,SOIC-8_3.9x4.9mm_P1.27mm,1,NCP81074AMNTBG,
"J1, J2",PinSocket_2x03_P2.54mm_Vertical,2,Conn_02x03_Counter_Clockwise,
