﻿Designator,Footprint,Quantity,Value,LCSC Part #
"C2_2, C2",cap0603,2,10u,
D1,SOT-23,1,BZX84C12,
J1,xt60-f,1,VBAT,
J2,xt30-f,1,Motor,
J3,JST_XH_B2B-XH-A_1x02_P2.50mm_Vertical,1,Dribbler A,
J4,JST_XH_B5B-XH-A_1x05_P2.50mm_Vertical,1,Conn_01x05,
J5,JST_XH_B2B-XH-A_1x02_P2.50mm_Vertical,1,L1,
"J6, J7",PinSocket_2x03_P2.54mm_Vertical,2,Conn_02x03_Counter_Clockwise,
J8,JST_XH_B2B-XH-A_1x02_P2.50mm_Vertical,1,Dribbler B,
"Q1, Q2",8-DFN (5x6),2,BSC084P03NS3 G,
Q3,SOT-23,1,IRLML6344TRPbF,
"R1, R2, R3",res0603,3,1K,
"R10, R7, R8, R9",res0603,4,10K,
R4,res0603,1,330,
R5,res0603,1,180,
R6,res0603,1,10,
SW1,PinHeader_1x03_P2.54mm_Vertical,1,SW_SPDT,
"U1, U2",MURATA_OKL-T-6-W12,2,OKL-T6-W12-C,
