﻿Designator,Footprint,Quantity,Value,LCSC Part #
"C101, C102, C103, C104, C201, C301, C307, C308",cap0603,8,2u2,
"C202, C203, C204, C205, C206, C302, C303, C304, C305, C306, C309",cap0603,11,0u1,
"C207, C310, C319",cap0603,3,C,
"C311, C313, C315, C317",CP_Radial_D8.0mm_P3.50mm,4,470u,C5162352
"C312, C314, C316, C318",cap0603,4,0u1,C3011705
"D201, D301",led0603,2,RED,
"FB101, FB102",fb0805,2,100R,
"H301, H302, H303, H304, H305, H306, H307, H308, H309, H310, H311, H312",MountingHole_3.2mm_M3_Pad_Via,12,MountingHole,
"IC301, IC302, IC303, IC304",ST_MultiPowerSO-30,4,VNH5019ATR-E,
J101,JST_XH_B5B-XH-A_1x05_P2.50mm_Vertical,1,Conn_01x05,
J301,526101071,1,Conn_01x10,
"J302, J306, J307, J308",JST_PH_B6B-PH-K_1x06_P2.00mm_Vertical,4,M1,
"J303, J304, J305",PinHeader_1x04_P2.54mm_Vertical,3,Conn_01x04,
J309,xt30-f,1,Conn_01x02,
J310,JST_XH_B8B-XH-A_1x08_P2.50mm_Vertical,1,Conn_01x08,
"J311, J312",PinHeader_1x03_P2.54mm_Vertical,2,Conn_01x03,
"Q301, Q302, Q303, Q304",8-DFN (5x6),4,AON6354,
"Q305, Q306",SOT95P237X112-3N,2,IRLML6344TRPBF,
"R201, R303",res0603,2,R,
"R202, R310, R315, R316, R317, R318, R319, R320, R321, R322, R323, R324, R331, R332, R333, R334, R335, R336, R337, R338, R339, R340, R343, R344, R345, R346, R347, R348, R349, R350, R351, R352, R353, R354",res0603,34,1K,
"R301, R302, R304, R305, R306, R307, R308, R309, R325, R326, R341, R342, R355, R356, R357, R358, R359",res0603,17,10K,
"R311, R312, R313, R314, R327, R328, R329, R330",res0603,8,3K3,
"SW201, SW304",SW_PUSH_6mm,2,ENC RST,
SW301,SW_PUSH_6mm,1,IMU RST,
SW302,JST_XH_B2B-XH-A_1x02_P2.50mm_Vertical,1,SW_SPST,
"SW303, SW305",SS12D00G3,2,SW_SPDT,
U201,QFN-48-1EP_7x7mm_P0.5mm_EP5.6x5.6mm,1,STM32F103Cx,
U301,QFN-48-1EP_7x7mm_P0.5mm_EP5.6x5.6mm,1,STM32F401C_B-C_Ux,
U302,bno085,1,BNO085,
"U303, U304",SOT-23-6,2,SN74LVC2G04,
U306,xiao-esp32c3,1,xiao-esp32c3,
Y201,Resonator_SMD_Murata_CSTxExxV-3Pin_3.0x1.1mm,1,8Mhz,
Y301,CX3225SB16000D0FPLCC,1,16Mhz,
