﻿Designator,Footprint,Quantity,Value,LCSC Part #
"C1, C2, C3, C5, C6",cap0603,5,2u2,
C4,cap0603,1,0U1,
D1,led0603,1,5V PWR,
D2,led0603,1,3V PWR,
"FB1, FB2",fb0805,2,100R,
"H1, H2, H3, H4",MountingHole_3.2mm_M3_Pad_Via,4,MountingHole_Pad,
J1,JST_XH_S6B-XH-A_1x06_P2.50mm_Horizontal,1,Conn_01x06,
"J2, J3, J4, J5",JST_PH_B6B-PH-K_1x06_P2.00mm_Vertical,4,Conn_01x06,
"R1, R2",res0603,2,10K,
"R3, R6",res0603,2,470,
"R4, R5",res0603,2,1K,C21190
"SW1, SW2, SW3, SW4",SS12D00G3,4,SW_SPDT,
U2,bno085,1,BNO085,
"U3, U5",xiao-esp32c3,2,xiao-esp32c3,
