﻿Designator,Footprint,Quantity,Value,LCSC Part #
"C101, C102, C103, C104, C301",cap0603,5,2u2,
"C105, C302, C303, C304, C305, C306, C307, C308",cap0603,8,0u1,
"C401, C402, C405, C406",CP_Radial_D8.0mm_P3.50mm,4,470u,C5162352
"C403, C404, C407, C408",cap0603,4,0u1,C3011705
D301,led0603,1,RED,
"FB101, FB102",fb0805,2,100R,
"H101, H102, H103, H104, H105, H106, H107, H108, H109, H110, H111, H112",MountingHole_3.2mm_M3_Pad_Via,12,MountingHole,
"IC401, IC402, IC403, IC404",ST_MultiPowerSO-30,4,VNH5019ATR-E,
J101,JST_XH_S6B-XH-A_1x06_P2.50mm_Horizontal,1,Conn_01x06,
J102,JST_XH_B5B-XH-A_1x05_P2.50mm_Vertical,1,Conn_01x05,
"J103, J105",PinHeader_1x03_P2.54mm_Vertical,2,Conn_01x03,
J104,xt30-f,1,Conn_01x02,
J106,526101071,1,Conn_01x10,
"J107, J301",PinHeader_1x04_P2.54mm_Vertical,2,Conn_01x04,
J501,JST_PH_B6B-PH-K_1x06_P2.00mm_Vertical,1,M1,
J502,JST_PH_B6B-PH-K_1x06_P2.00mm_Vertical,1,M3,
J503,JST_PH_B6B-PH-K_1x06_P2.00mm_Vertical,1,M2,
J504,JST_PH_B6B-PH-K_1x06_P2.00mm_Vertical,1,M4,
"Q401, Q402, Q403, Q404",8-DFN (5x6),4,AON6354,
"Q501, Q502, Q503, Q504, Q505, Q506, Q507, Q508",SOT-23,8,BSS138,
"R301, R407, R408, R409, R410, R411, R412, R413, R414, R415, R416, R423, R424, R425, R426, R427, R428, R429, R430, R431, R432, R501, R502, R503, R504, R505, R506, R507, R508, R509, R510, R511, R512, R513, R514, R515, R516",res0603,37,1K,
"R302, R403, R404, R419, R420",res0603,5,10K,
"R401, R402, R405, R406, R417, R418, R421, R422",res0603,8,3K3,
"SW101, SW301",SW_PUSH_6mm,2,ENC RST,
SW201,SS12D00G3,1,SW_SPDT,
SW401,JST_XH_B2B-XH-A_1x02_P2.50mm_Vertical,1,SW_SPST,
U301,QFN-48-1EP_7x7mm_P0.5mm_EP5.6x5.6mm,1,STM32F401C_B-C_Ux,
"U601, U602",SOT-23-6,2,SN74LVC2G04,
Y301,CX3225SB16000D0FPLCC,1,16Mhz,
