﻿Designator,Footprint,Quantity,Value,LCSC Part #
"C1, C2",cap0603,2,10u,
J1,PinSocket_2x03_P2.54mm_Vertical,1,12V,
"J10, J8",JST_XH_B2B-XH-A_1x02_P2.50mm_Vertical,2,SPARE,
J11,JST_XH_B5B-XH-A_1x05_P2.50mm_Vertical,1,Conn_01x05,
J2,PinSocket_2x03_P2.54mm_Vertical,1,GND,
J3,xt60-f,1,VBAT,
J4,xt30-f,1,Motor,
J5,xt30-f,1,Drib A,
J6,xt30-f,1,Drib B,
"J7, J9",JST_XH_B2B-XH-A_1x02_P2.50mm_Vertical,2,L1,
"R1, R2, R3",res0603,3,1K,
R4,res0603,1,330,
R5,res0603,1,180,
R6,res0603,1,10,
"U1, U2",MURATA_OKL-T-6-W12,2,OKL-T6-W12P-C,
