﻿Designator,Footprint,Quantity,Value,LCSC Part #
"C1, C10, C11, C8, C9",cap0603,5,2u2,
"C2, C3, C4, C5, C6",cap0603,5,0u1,
C7,cap0603,1,C,
D1,led0603,1,RED,
"FB1, FB2",fb0805,2,100R,
"H1, H2, H3, H4",MountingHole_3.2mm_M3_Pad_Via,4,MountingHole,
J1,JST_XH_B8B-XH-A_1x08_P2.50mm_Vertical,1,Conn_01x08,
J2,PinHeader_1x04_P2.54mm_Vertical,1,Conn_01x04,
"J3, J4, J5, J6",JST_PH_B6B-PH-K_1x06_P2.00mm_Vertical,4,Conn_01x06,
"Q1, Q2",SOT95P237X112-3N,2,IRLML6344TRPBF,
R1,res0603,1,R,
"R2, R3, R4, R5, R6, R7, R8",res0603,7,1K,
"SW1, SW3",SS12D00G3,2,SW_SPDT,
SW2,SW_PUSH_6mm,1,ENC RST,
U2,QFN-48-1EP_7x7mm_P0.5mm_EP5.6x5.6mm,1,STM32F103Cx,
Y1,Resonator_SMD_Murata_CSTxExxV-3Pin_3.0x1.1mm,1,8Mhz,
